model,accuracy,precision_macro,recall_macro,f1_macro
svm,0.647887323943662,0.7018887362637363,0.6741071428571428,0.6841422466422467
xgboost,0.6338028169014085,0.6558025308025308,0.6527867965367966,0.6503565062388592
random_forest,0.6197183098591549,0.6234938672438672,0.6610930735930736,0.6197013634513635
mlp,0.5492957746478874,0.5961309523809524,0.5784090909090909,0.5843185980685981
